nodo_a,nodo_b,nli_score,razon
Highland Republic of Vireya_2_30,Agrarian Federation of Tessara_3_124,0.938082754611969,"En [10], Vireya es el actor presionado y Tessara es quien ejerce la presión sobre el mismo evento (Fase II), representando roles opuestos agresor/resistente; en [14], describen el mismo equilibrio negociador desde posiciones simétricamente invertidas: Vireya gana margen mientras Tessara lo pierde, lo que refleja perspectivas opuestas del"
Highland Republic of Vireya_3_48,Agrarian Federation of Tessara_4_220,0.9561968445777893,"En [10], Vireya es el actor presionado y Tessara es quien ejerce la presión sobre el mismo evento (Fase II), representando roles opuestos agresor/resistente; en [14], describen el mismo equilibrio negociador desde posiciones simétricamente invertidas: Vireya gana margen mientras Tessara lo pierde, lo que refleja perspectivas opuestas del"
Highland Republic of Vireya_3_112,Agrarian Federation of Tessara_4_310,0.6886210441589355,En [1] Vireya sufre
Highland Republic of Vireya_3_151,Agrarian Federation of Tessara_4_335,0.9733880758285522,En [1] Vireya sufre
Highland Republic of Vireya_3_154,Agrarian Federation of Tessara_4_335,0.9763044714927673,En [1] Vireya sufre
Highland Republic of Vireya_4_186,Agrarian Federation of Tessara_4_267,0.8068596720695496,"En [1] y [2] Tessara es quien presiona hacia foros multilaterales y Vireya quien lo anticipa como receptor, represent"
Highland Republic of Vireya_4_186,Agrarian Federation of Tessara_4_377,0.9758347272872925,"En [1] y [2] Tessara es quien presiona hacia foros multilaterales y Vireya quien lo anticipa como receptor, represent"
Highland Republic of Vireya_4_209,Agrarian Federation of Tessara_4_314,0.7862019538879395,"En [1] y [2] Tessara es quien presiona hacia foros multilaterales y Vireya quien lo anticipa como receptor, represent"
Highland Republic of Vireya_4_217,Agrarian Federation of Tessara_4_325,0.9539127945899963,"En [1] y [2] Tessara es quien presiona hacia foros multilaterales y Vireya quien lo anticipa como receptor, represent"
Highland Republic of Vireya_4_223,Agrarian Federation of Tessara_4_491,0.7258399724960327,En [3] Vireya es quien desestima y Tessara quien resulta ignorada (acción/receptor opuestos sobre
Highland Republic of Vireya_4_231,Agrarian Federation of Tessara_4_455,0.9385735392570496,En [3] Vireya es quien desestima y Tessara quien resulta ignorada (acción/receptor opuestos sobre
Highland Republic of Vireya_4_243,Agrarian Federation of Tessara_4_387,0.9202861785888672,En [3] Vireya es quien desestima y Tessara quien resulta ignorada (acción/receptor opuestos sobre
Highland Republic of Vireya_4_262,Agrarian Federation of Tessara_4_230,0.994678258895874,"En [2] cada actor identifica un agente de represalia diferente sobre un objeto diferente, generando perspectivas cruzadas incompatibles; en"
Highland Republic of Vireya_4_270,Agrarian Federation of Tessara_4_365,0.8083451986312866,"En [2] cada actor identifica un agente de represalia diferente sobre un objeto diferente, generando perspectivas cruzadas incompatibles; en"
Highland Republic of Vireya_4_276,Agrarian Federation of Tessara_4_192,0.950983464717865,"En [2] cada actor identifica un agente de represalia diferente sobre un objeto diferente, generando perspectivas cruzadas incompatibles; en"
Highland Republic of Vireya_4_338,Agrarian Federation of Tessara_4_384,0.7581766843795776,"En [6] Vireya busca resolver mediante renegociación mientras Tessara busca dilatar el proceso, motivaciones opuestas sobre el mismo mecanismo; en [7] Vireya ofrece flexibilidad y Tessara la recibe con desconfianza condicional, perspectivas de oferente vs. receptor escéptico; en [8] Vireya describe su propia postura y Tessara describe exactamente esa misma postura desde fuera, relación acción/percepción especular directa; en [11] Vireya anticipa el efecto de su rechazo y Tessara emite el juicio que constituye ese efecto, roles de actor y observador-afectado sobre el mismo evento."
Highland Republic of Vireya_4_338,Agrarian Federation of Tessara_4_495,0.9846292734146118,"En [6] Vireya busca resolver mediante renegociación mientras Tessara busca dilatar el proceso, motivaciones opuestas sobre el mismo mecanismo; en [7] Vireya ofrece flexibilidad y Tessara la recibe con desconfianza condicional, perspectivas de oferente vs. receptor escéptico; en [8] Vireya describe su propia postura y Tessara describe exactamente esa misma postura desde fuera, relación acción/percepción especular directa; en [11] Vireya anticipa el efecto de su rechazo y Tessara emite el juicio que constituye ese efecto, roles de actor y observador-afectado sobre el mismo evento."
Highland Republic of Vireya_4_339,Agrarian Federation of Tessara_2_36,0.7812878489494324,"En [6] Vireya busca resolver mediante renegociación mientras Tessara busca dilatar el proceso, motivaciones opuestas sobre el mismo mecanismo; en [7] Vireya ofrece flexibilidad y Tessara la recibe con desconfianza condicional, perspectivas de oferente vs. receptor escéptico; en [8] Vireya describe su propia postura y Tessara describe exactamente esa misma postura desde fuera, relación acción/percepción especular directa; en [11] Vireya anticipa el efecto de su rechazo y Tessara emite el juicio que constituye ese efecto, roles de actor y observador-afectado sobre el mismo evento."
Highland Republic of Vireya_4_354,Agrarian Federation of Tessara_2_15,0.9878232479095459,"En [6] Vireya busca resolver mediante renegociación mientras Tessara busca dilatar el proceso, motivaciones opuestas sobre el mismo mecanismo; en [7] Vireya ofrece flexibilidad y Tessara la recibe con desconfianza condicional, perspectivas de oferente vs. receptor escéptico; en [8] Vireya describe su propia postura y Tessara describe exactamente esa misma postura desde fuera, relación acción/percepción especular directa; en [11] Vireya anticipa el efecto de su rechazo y Tessara emite el juicio que constituye ese efecto, roles de actor y observador-afectado sobre el mismo evento."
Highland Republic of Vireya_4_375,Agrarian Federation of Tessara_4_257,0.9662779569625854,**** En [3] Vireya es el actor de mala fe y Tessara la víctima que lo percibe; en [6] Vireya anticipa la Declaración Meridian como amenaza recibida mientras Tessara la prep
Highland Republic of Vireya_4_393,Agrarian Federation of Tessara_4_263,0.9801887273788452,**** En [3] Vireya es el actor de mala fe y Tessara la víctima que lo percibe; en [6] Vireya anticipa la Declaración Meridian como amenaza recibida mientras Tessara la prep
Highland Republic of Vireya_4_394,Agrarian Federation of Tessara_2_36,0.9746997356414795,**** En [3] Vireya es el actor de mala fe y Tessara la víctima que lo percibe; en [6] Vireya anticipa la Declaración Meridian como amenaza recibida mientras Tessara la prep
Highland Republic of Vireya_4_442,Agrarian Federation of Tessara_4_249,0.688044011592865,**** En [3] Vireya es el actor de mala fe y Tessara la víctima que lo percibe; en [6] Vireya anticipa la Declaración Meridian como amenaza recibida mientras Tessara la prep
Highland Republic of Vireya_4_488,Agrarian Federation of Tessara_4_488,0.9514911770820618,"En [5] ambos actores recopilan evidencia técnica/meteorológica sobre el mismo fenómeno de atribución atmosférica, pero para sostener posiciones **opuestas** (Vireya defiende su soberanía atmosférica, Tessara construye la atribución de daño contra Vireya); es el mismo evento documental desde roles de defensor vs. acusador, lo que constituye perspectivas invertidas incompatibles para fusión."
Highland Republic of Vireya_4_495,Agrarian Federation of Tessara_4_409,0.7016535401344299,Role inversion detected
Highland Republic of Vireya_4_499,Agrarian Federation of Tessara_3_53,0.613967776298523,Role inversion detected
Highland Republic of Vireya_4_501,Agrarian Federation of Tessara_4_491,0.7114241123199463,Role inversion detected
Highland Republic of Vireya_2_30,Coastal State of Ondrel_4_466,0.9681840538978577,"En [8], Vireya se percibe como receptor de presión externa para retrasar la Fase II, mientras Ondrel reconoce que su palanca sobre esa misma activación está debilitada; son perspectivas opuestas sobre la misma dinámica de poder en el mismo evento, configurando roles invertidos (presionado vs. presionador debilitado) que se contradicen al fusionarse."
Highland Republic of Vireya_3_59,Coastal State of Ondrel_4_439,0.7576762437820435,
Highland Republic of Vireya_3_62,Coastal State of Ondrel_2_16,0.6611911654472351,
Highland Republic of Vireya_3_68,Coastal State of Ondrel_4_247,0.9875434637069702,
Highland Republic of Vireya_3_76,Coastal State of Ondrel_4_399,0.7442357540130615,En [8] Vireya anticipa acción legal de Ondrel pero Ondrel anticipa acción legal de Vireya contra ella (agente y receptor intercambiados); en [9] Vireya anticipa que Ondrel invoca mecanismos pero Ondrel percibe que es Vireya quien amenaza su contrato (dirección de la amenaza invertida); en [10] Vireya anticipa que Ondrel busca mecanismos de disputa pero Ondrel anticipa que es Vireya quien busca cláusulas de salida (roles de actor activo/pasivo invertidos).
Highland Republic of Vireya_3_76,Coastal State of Ondrel_4_452,0.9303666353225708,En [8] Vireya anticipa acción legal de Ondrel pero Ondrel anticipa acción legal de Vireya contra ella (agente y receptor intercambiados); en [9] Vireya anticipa que Ondrel invoca mecanismos pero Ondrel percibe que es Vireya quien amenaza su contrato (dirección de la amenaza invertida); en [10] Vireya anticipa que Ondrel busca mecanismos de disputa pero Ondrel anticipa que es Vireya quien busca cláusulas de salida (roles de actor activo/pasivo invertidos).
Highland Republic of Vireya_3_76,Coastal State of Ondrel_5_509,0.9866851568222046,En [8] Vireya anticipa acción legal de Ondrel pero Ondrel anticipa acción legal de Vireya contra ella (agente y receptor intercambiados); en [9] Vireya anticipa que Ondrel invoca mecanismos pero Ondrel percibe que es Vireya quien amenaza su contrato (dirección de la amenaza invertida); en [10] Vireya anticipa que Ondrel busca mecanismos de disputa pero Ondrel anticipa que es Vireya quien busca cláusulas de salida (roles de actor activo/pasivo invertidos).
Highland Republic of Vireya_3_81,Coastal State of Ondrel_3_31,0.609722375869751,"En [12] y [13], Vireya afirma validación de su doctrina soberana (posición de fortaleza) mientras Ondrel afirma tener leverage/disuasión creíble *sobre* Vireya, representando perspectivas opuestas de poder en el mismo eje. En [14], Vireya reivindica soberanía sobre recursos atmosféricos mientras Ondrel se posiciona como garante externo de resultados que dependen de esos mismos recursos, roles estructuralmente invertidos."
Highland Republic of Vireya_3_81,Coastal State of Ondrel_4_217,0.7351300120353699,"En [12] y [13], Vireya afirma validación de su doctrina soberana (posición de fortaleza) mientras Ondrel afirma tener leverage/disuasión creíble *sobre* Vireya, representando perspectivas opuestas de poder en el mismo eje. En [14], Vireya reivindica soberanía sobre recursos atmosféricos mientras Ondrel se posiciona como garante externo de resultados que dependen de esos mismos recursos, roles estructuralmente invertidos."
Highland Republic of Vireya_3_81,Coastal State of Ondrel_5_514,0.7044373154640198,"En [12] y [13], Vireya afirma validación de su doctrina soberana (posición de fortaleza) mientras Ondrel afirma tener leverage/disuasión creíble *sobre* Vireya, representando perspectivas opuestas de poder en el mismo eje. En [14], Vireya reivindica soberanía sobre recursos atmosféricos mientras Ondrel se posiciona como garante externo de resultados que dependen de esos mismos recursos, roles estructuralmente invertidos."
Highland Republic of Vireya_3_85,Coastal State of Ondrel_3_29,0.8225592374801636,En [0] ambos actores se perciben mutuamente como la amenaza (agresor/víctima invertidos); en [1] las posiciones son directamente opuestas sobre quién debe ceder en la negociación; en [5] Vireya se ve
Highland Republic of Vireya_3_86,Coastal State of Ondrel_2_6,0.5814701914787292,En [0] ambos actores se perciben mutuamente como la amenaza (agresor/víctima invertidos); en [1] las posiciones son directamente opuestas sobre quién debe ceder en la negociación; en [5] Vireya se ve
Highland Republic of Vireya_3_89,Coastal State of Ondrel_4_260,0.9371150732040405,En [0] ambos actores se perciben mutuamente como la amenaza (agresor/víctima invertidos); en [1] las posiciones son directamente opuestas sobre quién debe ceder en la negociación; en [5] Vireya se ve
Highland Republic of Vireya_3_119,Coastal State of Ondrel_4_217,0.9747892022132874,En [3] Vireya es el presionado reputacionalmente y Ondrel
Highland Republic of Vireya_3_123,Coastal State of Ondrel_3_63,0.9127698540687561,En [3] Vireya es el presionado reputacionalmente y Ondrel
Highland Republic of Vireya_3_132,Coastal State of Ondrel_2_17,0.7951763272285461,En [3] Vireya es el presionado reputacionalmente y Ondrel
Highland Republic of Vireya_3_136,Coastal State of Ondrel_2_17,0.7690812945365906,En [3] Vireya es el presionado reputacionalmente y Ondrel
Highland Republic of Vireya_3_169,Coastal State of Ondrel_3_32,0.6143234968185425,En [4] y [9] el mismo acto de condicionar/amenazar la cooperación es descrito desde quien lo recibe (Vireya) y quien lo ejerce (Ondrel); en [6] y [12] la señal de suspensión como
Highland Republic of Vireya_3_169,Coastal State of Ondrel_4_127,0.8994885087013245,En [4] y [9] el mismo acto de condicionar/amenazar la cooperación es descrito desde quien lo recibe (Vireya) y quien lo ejerce (Ondrel); en [6] y [12] la señal de suspensión como
Highland Republic of Vireya_3_169,Coastal State of Ondrel_4_191,0.869288444519043,En [4] y [9] el mismo acto de condicionar/amenazar la cooperación es descrito desde quien lo recibe (Vireya) y quien lo ejerce (Ondrel); en [6] y [12] la señal de suspensión como
Highland Republic of Vireya_3_169,Coastal State of Ondrel_5_519,0.9451496005058289,En [4] y [9] el mismo acto de condicionar/amenazar la cooperación es descrito desde quien lo recibe (Vireya) y quien lo ejerce (Ondrel); en [6] y [12] la señal de suspensión como
Highland Republic of Vireya_3_170,Coastal State of Ondrel_4_260,0.9628097414970398,En [4] y [9] el mismo acto de condicionar/amenazar la cooperación es descrito desde quien lo recibe (Vireya) y quien lo ejerce (Ondrel); en [6] y [12] la señal de suspensión como
Highland Republic of Vireya_4_262,Coastal State of Ondrel_4_260,0.9867622256278992,En [1] cada actor atribuye al otro el rol de agente coercitivo;
Highland Republic of Vireya_4_266,Coastal State of Ondrel_2_23,0.9917659163475037,En [1] cada actor atribuye al otro el rol de agente coercitivo;
Highland Republic of Vireya_4_266,Coastal State of Ondrel_4_196,0.6079818606376648,En [1] cada actor atribuye al otro el rol de agente coercitivo;
Highland Republic of Vireya_4_266,Coastal State of Ondrel_4_452,0.7756780982017517,En [1] cada actor atribuye al otro el rol de agente coercitivo;
Highland Republic of Vireya_4_320,Coastal State of Ondrel_5_519,0.7475793361663818,"En [6] Vireya se posiciona como receptor de amenaza y Ondrel como emisor de la misma, perspectivas opuestas del mismo poder; en [9] y [13] Vireya rechaza la legitimidad del monitoreo externo mientras Ondrel usa su ausencia como palanca coercitiva, lados opuestos del mismo mecanismo; en [11] Vireya niega standing externo y Ondrel activamente busca construirlo, oposición directa sobre el mismo instrumento legal."
Highland Republic of Vireya_4_325,Coastal State of Ondrel_5_475,0.9325916767120361,"En [6] Vireya se posiciona como receptor de amenaza y Ondrel como emisor de la misma, perspectivas opuestas del mismo poder; en [9] y [13] Vireya rechaza la legitimidad del monitoreo externo mientras Ondrel usa su ausencia como palanca coercitiva, lados opuestos del mismo mecanismo; en [11] Vireya niega standing externo y Ondrel activamente busca construirlo, oposición directa sobre el mismo instrumento legal."
Highland Republic of Vireya_4_329,Coastal State of Ondrel_4_339,0.9457587003707886,"En [6] Vireya se posiciona como receptor de amenaza y Ondrel como emisor de la misma, perspectivas opuestas del mismo poder; en [9] y [13] Vireya rechaza la legitimidad del monitoreo externo mientras Ondrel usa su ausencia como palanca coercitiva, lados opuestos del mismo mecanismo; en [11] Vireya niega standing externo y Ondrel activamente busca construirlo, oposición directa sobre el mismo instrumento legal."
Highland Republic of Vireya_4_329,Coastal State of Ondrel_5_475,0.909238874912262,"En [6] Vireya se posiciona como receptor de amenaza y Ondrel como emisor de la misma, perspectivas opuestas del mismo poder; en [9] y [13] Vireya rechaza la legitimidad del monitoreo externo mientras Ondrel usa su ausencia como palanca coercitiva, lados opuestos del mismo mecanismo; en [11] Vireya niega standing externo y Ondrel activamente busca construirlo, oposición directa sobre el mismo instrumento legal."
Highland Republic of Vireya_4_374,Coastal State of Ondrel_5_476,0.9800766110420227,"En [6] ambos actores describen el mismo vacío institucional pero con responsabilidades opuestas (Vireya lo usa para evadir supervisión, Ondrel para justificar su no-cooperación), constituyendo perspectivas enfrentadas sobre culpabilidad del vacío. En [7] el mismo objeto —el leverage sobre Fase II— es evaluado en direcc"
Highland Republic of Vireya_4_376,Coastal State of Ondrel_4_466,0.9905855059623718,"En [6] ambos actores describen el mismo vacío institucional pero con responsabilidades opuestas (Vireya lo usa para evadir supervisión, Ondrel para justificar su no-cooperación), constituyendo perspectivas enfrentadas sobre culpabilidad del vacío. En [7] el mismo objeto —el leverage sobre Fase II— es evaluado en direcc"
Highland Republic of Vireya_4_395,Coastal State of Ondrel_4_334,0.972499430179596,"En [2] Vireya afirma que la presión para retrasar la Fase II es políticamente manejable (minimiza el leverage externo), mientras"
Highland Republic of Vireya_4_433,Coastal State of Ondrel_3_87,0.8470012545585632,En [3] ambos actores describen el mismo objeto jurídico (las reclamaciones de daño al estuario) desde perspectivas opuestas: Vire
Highland Republic of Vireya_4_480,Coastal State of Ondrel_4_191,0.9340161085128784,"En [2] Vireya es receptor de la amenaza de suspensión y Ondrel es su emisor, describiendo el mismo acto desde roles opuestos; en [3] cada actor atribuye al otro el poder de revisión unilateral del contrato, perspectivas directamente invertidas sobre quién domina; en [10] Vireya recibe la señal formal de suspensión mientras Ondrel la emite, mismo evento con roles de emisor/receptor invertidos."
Highland Republic of Vireya_4_480,Coastal State of Ondrel_4_452,0.9769691824913025,"En [2] Vireya es receptor de la amenaza de suspensión y Ondrel es su emisor, describiendo el mismo acto desde roles opuestos; en [3] cada actor atribuye al otro el poder de revisión unilateral del contrato, perspectivas directamente invertidas sobre quién domina; en [10] Vireya recibe la señal formal de suspensión mientras Ondrel la emite, mismo evento con roles de emisor/receptor invertidos."
Highland Republic of Vireya_4_495,Coastal State of Ondrel_4_150,0.9572662115097046,"En [2] Vireya es receptor de la amenaza de suspensión y Ondrel es su emisor, describiendo el mismo acto desde roles opuestos; en [3] cada actor atribuye al otro el poder de revisión unilateral del contrato, perspectivas directamente invertidas sobre quién domina; en [10] Vireya recibe la señal formal de suspensión mientras Ondrel la emite, mismo evento con roles de emisor/receptor invertidos."
Agrarian Federation of Tessara_3_129,Coastal State of Ondrel_4_334,0.7790021300315857,"En [14] Tessara percibe el retraso de Fase II como algo que beneficia *su* posición negociadora, mientras Ondrel se atribuye agencia activa afirmando que *su*"
